ds,y
2018-01-01,544.83
2018-01-02,457.3
2018-01-03,618.89
2018-01-04,650.0
2018-01-05,631.48
2018-01-06,792.56
2018-01-07,612.14
2018-01-08,577.6
2018-01-09,598.32
2018-01-10,524.13
2018-01-11,651.71
2018-01-12,829.31
2018-01-13,855.47
2018-01-14,621.58
2018-01-15,548.94
2018-01-16,422.72
2018-01-17,501.53
2018-01-18,377.38
2018-01-19,708.7
2018-01-20,721.71
2018-01-21,401.71
2018-01-22,356.73
2018-01-23,507.88
2018-01-24,400.81
2018-01-25,386.12
2018-01-26,603.26
2018-01-27,788.44
2018-01-28,492.31
2018-01-29,515.39
2018-01-30,537.43
2018-01-31,695.31
2018-02-01,512.05
2018-02-02,722.89
2018-02-03,815.98
2018-02-04,644.79
2018-02-05,696.87
2018-02-06,604.65
2018-02-07,549.65
2018-02-08,549.77
2018-02-09,862.49
2018-02-10,960.69
2018-02-11,631.97
2018-02-12,519.61
2018-02-13,573.48
2018-02-14,544.82
2018-02-15,532.9
2018-02-16,765.25
2018-02-17,794.64
2018-02-18,514.17
2018-02-19,450.99
2018-02-20,457.69
2018-02-21,477.78
2018-02-22,307.47
2018-02-23,599.45
2018-02-24,692.58
2018-02-25,388.27
2018-02-26,430.17
2018-02-27,587.68
2018-02-28,417.17
2018-03-01,583.95
2018-03-02,592.77
2018-03-03,821.52
2018-03-04,581.38
2018-03-05,633.61
2018-03-06,659.51
2018-03-07,678.88
2018-03-08,596.69
2018-03-09,792.78
2018-03-10,999.39
2018-03-11,612.22
2018-03-12,518.18
2018-03-13,518.55
2018-03-14,521.38
2018-03-15,617.82
2018-03-16,770.65
2018-03-17,894.63
2018-03-18,485.13
2018-03-19,512.57
2018-03-20,531.99
2018-03-21,441.53
2018-03-22,490.1
2018-03-23,591.4
2018-03-24,710.02
2018-03-25,407.39
2018-03-26,345.36
2018-03-27,487.2
2018-03-28,421.73
2018-03-29,474.71
2018-03-30,729.39
2018-03-31,845.95
2018-04-01,584.04
2018-04-02,543.96
2018-04-03,538.56
2018-04-04,585.34
2018-04-05,473.95
2018-04-06,707.59
2018-04-07,828.59
2018-04-08,561.84
2018-04-09,676.7
2018-04-10,571.15
2018-04-11,608.04
2018-04-12,733.02
2018-04-13,787.87
2018-04-14,959.7
2018-04-15,508.07
2018-04-16,546.9
2018-04-17,467.25
2018-04-18,496.27
2018-04-19,571.83
2018-04-20,549.53
2018-04-21,808.19
2018-04-22,481.44
2018-04-23,407.59
2018-04-24,336.21
2018-04-25,458.65
2018-04-26,415.7
2018-04-27,685.85
2018-04-28,781.78
2018-04-29,624.08
2018-04-30,495.14
2018-05-01,452.46
2018-05-02,569.59
2018-05-03,593.76
2018-05-04,904.94
2018-05-05,981.37
2018-05-06,659.02
2018-05-07,760.33
2018-05-08,557.34
2018-05-09,606.44
2018-05-10,584.48
2018-05-11,824.19
2018-05-12,837.95
2018-05-13,687.87
2018-05-14,605.01
2018-05-15,488.23
2018-05-16,505.86
2018-05-17,592.33
2018-05-18,814.22
2018-05-19,987.48
2018-05-20,742.91
2018-05-21,527.29
2018-05-22,402.25
2018-05-23,301.64
2018-05-24,488.33
2018-05-25,600.75
2018-05-26,735.66
2018-05-27,427.13
2018-05-28,475.88
2018-05-29,586.84
2018-05-30,531.35
2018-05-31,525.39
2018-06-01,675.82
2018-06-02,745.71
2018-06-03,561.37
2018-06-04,615.27
2018-06-05,778.23
2018-06-06,661.64
2018-06-07,740.88
2018-06-08,829.53
2018-06-09,877.77
2018-06-10,594.23
2018-06-11,608.13
2018-06-12,827.22
2018-06-13,578.51
2018-06-14,695.63
2018-06-15,738.38
2018-06-16,965.71
2018-06-17,601.9
2018-06-18,538.71
2018-06-19,529.2
2018-06-20,463.18
2018-06-21,536.98
2018-06-22,653.87
2018-06-23,684.93
2018-06-24,377.52
2018-06-25,494.54
2018-06-26,612.24
2018-06-27,507.89
2018-06-28,498.4
2018-06-29,746.66
2018-06-30,946.63
2018-07-01,579.74
2018-07-02,550.23
2018-07-03,692.52
2018-07-04,658.36
2018-07-05,765.28
2018-07-06,872.98
2018-07-07,873.16
2018-07-08,570.84
2018-07-09,817.55
2018-07-10,824.35
2018-07-11,668.87
2018-07-12,645.28
2018-07-13,981.83
2018-07-14,862.08
2018-07-15,562.17
2018-07-16,666.43
2018-07-17,563.53
2018-07-18,574.61
2018-07-19,542.52
2018-07-20,764.66
2018-07-21,934.58
2018-07-22,516.52
2018-07-23,551.58
2018-07-24,330.76
2018-07-25,489.74
2018-07-26,429.28
2018-07-27,606.45
2018-07-28,744.74
2018-07-29,502.69
2018-07-30,619.91
2018-07-31,459.82
2018-08-01,588.97
2018-08-02,568.81
2018-08-03,801.91
2018-08-04,1027.65
2018-08-05,707.69
2018-08-06,786.06
2018-08-07,677.75
2018-08-08,641.65
2018-08-09,682.51
2018-08-10,918.69
2018-08-11,1008.13
2018-08-12,598.04
2018-08-13,679.32
2018-08-14,674.67
2018-08-15,839.87
2018-08-16,769.19
2018-08-17,730.7
2018-08-18,856.11
2018-08-19,443.24
2018-08-20,496.16
2018-08-21,554.4
2018-08-22,614.59
2018-08-23,452.51
2018-08-24,655.27
2018-08-25,636.81
2018-08-26,500.76
2018-08-27,437.95
2018-08-28,493.39
2018-08-29,481.5
2018-08-30,562.46
2018-08-31,649.43
2018-09-01,793.6
2018-09-02,802.21
2018-09-03,548.92
2018-09-04,582.53
2018-09-05,833.13
2018-09-06,931.38
2018-09-07,814.42
2018-09-08,983.87
2018-09-09,741.64
2018-09-10,849.38
2018-09-11,624.84
2018-09-12,673.15
2018-09-13,740.69
2018-09-14,896.39
2018-09-15,912.73
2018-09-16,612.25
2018-09-17,492.88
2018-09-18,564.39
2018-09-19,544.2
2018-09-20,568.41
2018-09-21,692.7
2018-09-22,865.64
2018-09-23,603.64
2018-09-24,533.93
2018-09-25,552.73
2018-09-26,536.06
2018-09-27,542.85
2018-09-28,699.55
2018-09-29,899.81
2018-09-30,586.01
2018-10-01,781.83
2018-10-02,761.26
2018-10-03,686.85
2018-10-04,614.24
2018-10-05,803.51
2018-10-06,1102.22
2018-10-07,738.99
2018-10-08,763.59
2018-10-09,588.71
2018-10-10,801.34
2018-10-11,758.21
2018-10-12,823.81
2018-10-13,962.21
2018-10-14,705.36
2018-10-15,670.52
2018-10-16,623.52
2018-10-17,618.54
2018-10-18,586.79
2018-10-19,800.37
2018-10-20,988.99
2018-10-21,351.67
2018-10-22,527.03
2018-10-23,552.81
2018-10-24,559.14
2018-10-25,506.69
2018-10-26,601.09
2018-10-27,877.04
2018-10-28,701.79
2018-10-29,456.79
2018-10-30,666.96
2018-10-31,591.62
2018-11-01,831.42
2018-11-02,978.96
2018-11-03,1162.38
2018-11-04,1017.33
2018-11-05,981.61
2018-11-06,1092.09
2018-11-07,1062.51
2018-11-08,1014.2
2018-11-09,1325.07
2018-11-10,1322.88
2018-11-11,1052.06
2018-11-12,956.35
2018-11-13,976.33
2018-11-14,903.44
2018-11-15,1024.66
2018-11-16,1036.33
2018-11-17,1277.98
2018-11-18,885.51
2018-11-19,981.23
2018-11-20,936.55
2018-11-21,1013.95
2018-11-22,922.0
2018-11-23,936.83
2018-11-24,1160.37
2018-11-25,779.23
2018-11-26,842.81
2018-11-27,1020.19
2018-11-28,968.6
2018-11-29,882.68
2018-11-30,1080.47
2018-12-01,1288.36
2018-12-02,912.91
2018-12-03,980.5
2018-12-04,1081.72
2018-12-05,1169.57
2018-12-06,1143.33
2018-12-07,1125.32
2018-12-08,1443.03
2018-12-09,1130.28
2018-12-10,1159.13
2018-12-11,1252.54
2018-12-12,951.39
2018-12-13,1058.74
2018-12-14,1339.81
2018-12-15,1250.15
2018-12-16,1177.28
2018-12-17,1070.43
2018-12-18,1090.56
2018-12-19,959.99
2018-12-20,1055.37
2018-12-21,1262.86
2018-12-22,1286.25
2018-12-23,980.23
2018-12-24,980.91
2018-12-25,892.12
2018-12-26,955.36
2018-12-27,964.82
2018-12-28,1221.05
2018-12-29,1386.71
2018-12-30,940.73
2018-12-31,1035.66
2019-01-01,805.64
2019-01-02,647.68
2019-01-03,659.74
2019-01-04,957.61
2019-01-05,1121.78
2019-01-06,764.31
2019-01-07,874.9
2019-01-08,838.11
2019-01-09,833.68
2019-01-10,803.37
2019-01-11,1134.23
2019-01-12,1017.34
2019-01-13,556.57
2019-01-14,826.41
2019-01-15,641.59
2019-01-16,666.76
2019-01-17,743.46
2019-01-18,692.58
2019-01-19,804.96
2019-01-20,464.27
2019-01-21,519.64
2019-01-22,613.05
2019-01-23,618.68
2019-01-24,601.94
2019-01-25,674.03
2019-01-26,713.29
2019-01-27,616.87
2019-01-28,592.0
2019-01-29,685.79
2019-01-30,725.78
2019-01-31,701.71
2019-02-01,972.04
2019-02-02,1048.87
2019-02-03,790.16
2019-02-04,705.8
2019-02-05,758.85
2019-02-06,796.17
2019-02-07,849.17
2019-02-08,950.9
2019-02-09,1118.8
2019-02-10,746.63
2019-02-11,745.78
2019-02-12,805.88
2019-02-13,562.13
2019-02-14,598.43
2019-02-15,763.49
2019-02-16,775.51
2019-02-17,589.16
2019-02-18,686.48
2019-02-19,589.46
2019-02-20,617.05
2019-02-21,681.08
2019-02-22,896.92
2019-02-23,886.16
2019-02-24,705.16
2019-02-25,613.42
2019-02-26,551.86
2019-02-27,587.2
2019-02-28,534.66
2019-03-01,802.1
2019-03-02,965.42
2019-03-03,779.26
2019-03-04,872.68
2019-03-05,642.8
2019-03-06,800.71
2019-03-07,698.83
2019-03-08,1029.23
2019-03-09,1085.95
2019-03-10,650.95
2019-03-11,868.45
2019-03-12,738.5
2019-03-13,733.16
2019-03-14,676.02
2019-03-15,892.37
2019-03-16,1060.15
2019-03-17,690.92
2019-03-18,712.27
2019-03-19,695.51
2019-03-20,754.27
2019-03-21,605.52
2019-03-22,702.08
2019-03-23,996.4
2019-03-24,579.21
2019-03-25,693.77
2019-03-26,638.37
2019-03-27,604.42
2019-03-28,653.85
2019-03-29,996.46
2019-03-30,1123.75
2019-03-31,682.44
2019-04-01,710.3
2019-04-02,804.6
2019-04-03,671.43
2019-04-04,785.03
2019-04-05,973.54
2019-04-06,1115.14
2019-04-07,734.4
2019-04-08,681.12
2019-04-09,645.54
2019-04-10,720.86
2019-04-11,768.27
2019-04-12,972.3
2019-04-13,1238.01
2019-04-14,855.85
2019-04-15,672.46
2019-04-16,757.82
2019-04-17,677.35
2019-04-18,667.31
2019-04-19,886.1
2019-04-20,1003.91
2019-04-21,612.97
2019-04-22,714.19
2019-04-23,530.44
2019-04-24,619.07
2019-04-25,827.36
2019-04-26,842.58
2019-04-27,1048.56
2019-04-28,654.02
2019-04-29,709.07
2019-04-30,676.42
2019-05-01,687.37
2019-05-02,659.56
2019-05-03,977.25
2019-05-04,994.75
2019-05-05,834.48
2019-05-06,883.96
2019-05-07,839.25
2019-05-08,796.21
2019-05-09,860.6
2019-05-10,1000.58
2019-05-11,1196.89
2019-05-12,668.24
2019-05-13,776.88
2019-05-14,630.19
2019-05-15,652.96
2019-05-16,862.89
2019-05-17,1005.53
2019-05-18,956.28
2019-05-19,574.2
2019-05-20,439.31
2019-05-21,617.32
2019-05-22,841.72
2019-05-23,673.67
2019-05-24,788.82
2019-05-25,969.66
2019-05-26,510.67
2019-05-27,618.98
2019-05-28,661.76
2019-05-29,661.34
2019-05-30,748.71
2019-05-31,932.32
2019-06-01,1078.8
2019-06-02,691.29
2019-06-03,838.77
2019-06-04,916.56
2019-06-05,725.85
2019-06-06,746.87
2019-06-07,1135.79
2019-06-08,1120.83
2019-06-09,951.54
2019-06-10,802.7
2019-06-11,949.22
2019-06-12,834.13
2019-06-13,831.55
2019-06-14,1120.4
2019-06-15,1048.34
2019-06-16,682.57
2019-06-17,701.89
2019-06-18,754.1
2019-06-19,573.87
2019-06-20,733.23
2019-06-21,824.86
2019-06-22,1048.76
2019-06-23,458.11
2019-06-24,583.49
2019-06-25,512.49
2019-06-26,586.48
2019-06-27,681.57
2019-06-28,860.22
2019-06-29,970.19
2019-06-30,696.08
2019-07-01,745.13
2019-07-02,669.09
2019-07-03,827.23
2019-07-04,843.74
2019-07-05,1039.89
2019-07-06,1169.51
2019-07-07,861.5
2019-07-08,1009.77
2019-07-09,845.17
2019-07-10,828.56
2019-07-11,789.61
2019-07-12,960.02
2019-07-13,1032.02
2019-07-14,746.21
2019-07-15,794.76
2019-07-16,808.38
2019-07-17,765.86
2019-07-18,680.45
2019-07-19,994.27
2019-07-20,1063.47
2019-07-21,675.88
2019-07-22,623.7
2019-07-23,710.6
2019-07-24,676.48
2019-07-25,544.46
2019-07-26,857.97
2019-07-27,991.58
2019-07-28,609.68
2019-07-29,711.27
2019-07-30,596.92
2019-07-31,839.5
2019-08-01,853.02
2019-08-02,954.01
2019-08-03,1123.87
2019-08-04,621.3
2019-08-05,738.8
2019-08-06,822.24
2019-08-07,771.01
2019-08-08,921.14
2019-08-09,1226.87
2019-08-10,1071.83
2019-08-11,793.67
2019-08-12,870.3
2019-08-13,967.63
2019-08-14,725.29
2019-08-15,825.06
2019-08-16,1131.41
2019-08-17,933.49
2019-08-18,643.28
2019-08-19,693.09
2019-08-20,668.44
2019-08-21,760.82
2019-08-22,704.12
2019-08-23,735.5
2019-08-24,1015.5
2019-08-25,629.05
2019-08-26,782.39
2019-08-27,639.4
2019-08-28,651.48
2019-08-29,761.6
2019-08-30,997.7
2019-08-31,1092.56
2019-09-01,642.78
2019-09-02,841.58
2019-09-03,735.84
2019-09-04,855.76
2019-09-05,738.94
2019-09-06,1101.35
2019-09-07,1110.29
2019-09-08,777.38
2019-09-09,938.09
2019-09-10,897.08
2019-09-11,821.34
2019-09-12,975.53
2019-09-13,1009.91
2019-09-14,1130.84
2019-09-15,831.0
2019-09-16,740.05
2019-09-17,807.23
2019-09-18,707.44
2019-09-19,699.24
2019-09-20,1025.52
2019-09-21,920.54
2019-09-22,501.56
2019-09-23,818.17
2019-09-24,892.11
2019-09-25,658.84
2019-09-26,543.52
2019-09-27,884.68
2019-09-28,1001.04
2019-09-29,725.96
2019-09-30,671.39
2019-10-01,827.41
2019-10-02,844.02
2019-10-03,703.1
2019-10-04,1097.88
2019-10-05,1323.38
2019-10-06,887.35
2019-10-07,857.65
2019-10-08,880.49
2019-10-09,944.16
2019-10-10,755.36
2019-10-11,1101.67
2019-10-12,1148.08
2019-10-13,1014.42
2019-10-14,837.0
2019-10-15,966.42
2019-10-16,725.26
2019-10-17,840.46
2019-10-18,999.17
2019-10-19,985.31
2019-10-20,752.13
2019-10-21,820.67
2019-10-22,686.74
2019-10-23,570.0
2019-10-24,700.72
2019-10-25,830.92
2019-10-26,980.9
2019-10-27,710.94
2019-10-28,593.81
2019-10-29,616.91
2019-10-30,803.09
2019-10-31,742.75
2019-11-01,997.81
2019-11-02,1392.65
2019-11-03,1077.59
2019-11-04,1022.88
2019-11-05,996.32
2019-11-06,1187.04
2019-11-07,1162.94
2019-11-08,1536.35
2019-11-09,1485.84
2019-11-10,1185.44
2019-11-11,1139.13
2019-11-12,1212.08
2019-11-13,1187.68
2019-11-14,1226.04
2019-11-15,1270.45
2019-11-16,1362.43
2019-11-17,1043.73
2019-11-18,1130.69
2019-11-19,1174.07
2019-11-20,1006.44
2019-11-21,1000.98
2019-11-22,1255.33
2019-11-23,1309.6
2019-11-24,1108.56
2019-11-25,859.51
2019-11-26,984.8
2019-11-27,1003.36
2019-11-28,898.63
2019-11-29,1228.17
2019-11-30,1355.02
2019-12-01,1136.31
2019-12-02,1265.94
2019-12-03,1181.25
2019-12-04,1140.96
2019-12-05,1239.26
2019-12-06,1545.23
2019-12-07,1497.22
2019-12-08,1212.51
2019-12-09,1335.87
2019-12-10,1274.96
2019-12-11,1341.71
2019-12-12,1282.02
2019-12-13,1528.82
2019-12-14,1476.4
2019-12-15,1242.37
2019-12-16,1209.01
2019-12-17,1110.36
2019-12-18,1064.42
2019-12-19,1227.19
2019-12-20,1328.86
2019-12-21,1362.26
2019-12-22,1126.59
2019-12-23,1218.39
2019-12-24,943.49
2019-12-25,1008.12
2019-12-26,1060.0
2019-12-27,1460.58
2019-12-28,1479.66
2019-12-29,1234.78
2019-12-30,1100.86
2019-12-31,1122.77
2020-01-01,889.61
2020-01-02,878.5
2020-01-03,1136.09
2020-01-04,1193.08
2020-01-05,943.14
2020-01-06,942.71
2020-01-07,997.47
2020-01-08,1000.79
2020-01-09,803.41
2020-01-10,945.93
2020-01-11,1294.83
2020-01-12,995.44
2020-01-13,801.87
2020-01-14,715.95
2020-01-15,852.8
2020-01-16,899.26
2020-01-17,1149.17
2020-01-18,1128.73
2020-01-19,742.02
2020-01-20,687.59
2020-01-21,750.75
2020-01-22,720.6
2020-01-23,662.21
2020-01-24,1110.41
2020-01-25,1196.54
2020-01-26,855.65
2020-01-27,705.52
2020-01-28,864.81
2020-01-29,866.88
2020-01-30,871.7
2020-01-31,1157.29
2020-02-01,1228.73
2020-02-02,956.4
2020-02-03,965.37
2020-02-04,956.11
2020-02-05,797.2
2020-02-06,953.79
2020-02-07,1105.7
2020-02-08,1146.68
2020-02-09,1078.32
2020-02-10,1072.89
2020-02-11,1030.59
2020-02-12,926.6
2020-02-13,996.29
2020-02-14,1069.78
2020-02-15,1164.96
2020-02-16,741.39
2020-02-17,841.84
2020-02-18,798.02
2020-02-19,674.71
2020-02-20,763.8
2020-02-21,954.23
2020-02-22,1201.18
2020-02-23,829.9
2020-02-24,764.46
2020-02-25,792.62
2020-02-26,789.05
2020-02-27,785.19
2020-02-28,933.18
2020-02-29,1127.73
2020-03-01,801.04
2020-03-02,781.62
2020-03-03,942.59
2020-03-04,951.34
2020-03-05,793.01
2020-03-06,1138.93
2020-03-07,1337.58
2020-03-08,1047.84
2020-03-09,1046.15
2020-03-10,963.97
2020-03-11,885.96
2020-03-12,855.85
2020-03-13,1155.84
2020-03-14,1241.72
2020-03-15,995.58
2020-03-16,960.73
2020-03-17,842.07
2020-03-18,733.68
2020-03-19,789.75
2020-03-20,1016.99
2020-03-21,1070.73
2020-03-22,731.46
2020-03-23,792.63
2020-03-24,730.95
2020-03-25,724.12
2020-03-26,806.49
2020-03-27,960.46
2020-03-28,1126.57
2020-03-29,846.12
2020-03-30,752.41
2020-03-31,825.65
2020-04-01,1000.19
2020-04-02,812.79
2020-04-03,955.72
2020-04-04,1093.32
2020-04-05,959.03
2020-04-06,970.21
2020-04-07,965.54
2020-04-08,1075.18
2020-04-09,763.09
2020-04-10,1203.3
2020-04-11,1387.33
2020-04-12,859.48
2020-04-13,903.65
2020-04-14,855.87
2020-04-15,825.12
2020-04-16,850.49
2020-04-17,1170.92
2020-04-18,1284.93
2020-04-19,794.17
2020-04-20,959.18
2020-04-21,798.6
2020-04-22,928.76
2020-04-23,777.77
2020-04-24,996.7
2020-04-25,1120.63
2020-04-26,1054.88
2020-04-27,881.47
2020-04-28,772.69
2020-04-29,925.15
2020-04-30,838.73
2020-05-01,1049.4
2020-05-02,1282.18
2020-05-03,932.03
2020-05-04,970.18
2020-05-05,964.92
2020-05-06,1003.53
2020-05-07,1019.77
2020-05-08,1036.0
2020-05-09,1345.27
2020-05-10,910.15
2020-05-11,866.03
2020-05-12,965.72
2020-05-13,962.84
2020-05-14,883.75
2020-05-15,1186.93
2020-05-16,1093.21
2020-05-17,847.95
2020-05-18,814.28
2020-05-19,839.41
2020-05-20,849.78
2020-05-21,734.12
2020-05-22,1063.48
2020-05-23,1105.29
2020-05-24,647.76
2020-05-25,645.53
2020-05-26,808.44
2020-05-27,802.8
2020-05-28,826.62
2020-05-29,1049.88
2020-05-30,1189.46
2020-05-31,967.81
2020-06-01,824.13
2020-06-02,839.85
2020-06-03,865.44
2020-06-04,993.24
2020-06-05,1284.15
2020-06-06,1261.09
2020-06-07,802.67
2020-06-08,869.58
2020-06-09,938.13
2020-06-10,954.86
2020-06-11,957.6
2020-06-12,1180.64
2020-06-13,1236.95
2020-06-14,1027.9
2020-06-15,870.44
2020-06-16,835.46
2020-06-17,922.89
2020-06-18,742.94
2020-06-19,1080.07
2020-06-20,1142.83
2020-06-21,811.81
2020-06-22,943.38
2020-06-23,763.31
2020-06-24,978.89
2020-06-25,801.22
2020-06-26,926.26
2020-06-27,1146.82
2020-06-28,771.03
2020-06-29,815.34
2020-06-30,927.29
2020-07-01,960.88
2020-07-02,887.58
2020-07-03,1236.39
2020-07-04,1368.35
2020-07-05,1106.56
2020-07-06,1046.81
2020-07-07,1122.7
2020-07-08,868.34
2020-07-09,994.36
2020-07-10,1147.2
2020-07-11,1318.81
2020-07-12,952.53
2020-07-13,970.69
2020-07-14,1117.66
2020-07-15,934.72
2020-07-16,961.54
2020-07-17,1089.77
2020-07-18,1194.98
2020-07-19,871.47
2020-07-20,891.19
2020-07-21,935.83
2020-07-22,965.19
2020-07-23,852.87
2020-07-24,1074.14
2020-07-25,1038.0
2020-07-26,830.25
2020-07-27,923.55
2020-07-28,932.03
2020-07-29,896.9
2020-07-30,970.18
2020-07-31,1159.12
2020-08-01,1336.9
2020-08-02,984.61
2020-08-03,952.31
2020-08-04,1024.85
2020-08-05,777.96
2020-08-06,1054.08
2020-08-07,938.79
2020-08-08,1195.88
2020-08-09,1068.77
2020-08-10,1065.54
2020-08-11,925.13
2020-08-12,948.44
2020-08-13,1099.39
2020-08-14,1133.08
2020-08-15,1431.81
2020-08-16,932.14
2020-08-17,945.08
2020-08-18,1023.0
2020-08-19,887.23
2020-08-20,782.29
2020-08-21,1042.68
2020-08-22,1141.32
2020-08-23,731.76
2020-08-24,821.46
2020-08-25,787.73
2020-08-26,930.23
2020-08-27,871.85
2020-08-28,1062.36
2020-08-29,1194.84
2020-08-30,941.23
2020-08-31,993.64
2020-09-01,885.23
2020-09-02,901.92
2020-09-03,1091.98
2020-09-04,1186.52
2020-09-05,1218.96
2020-09-06,1076.99
2020-09-07,1083.73
2020-09-08,925.19
2020-09-09,1062.78
2020-09-10,1095.97
2020-09-11,1256.05
2020-09-12,1362.39
2020-09-13,882.6
2020-09-14,1002.64
2020-09-15,932.08
2020-09-16,897.59
2020-09-17,986.42
2020-09-18,1217.18
2020-09-19,1326.72
2020-09-20,975.64
2020-09-21,852.47
2020-09-22,884.18
2020-09-23,916.17
2020-09-24,867.62
2020-09-25,1075.6
2020-09-26,1242.08
2020-09-27,885.86
2020-09-28,849.48
2020-09-29,893.96
2020-09-30,998.42
2020-10-01,968.97
2020-10-02,1216.53
2020-10-03,1362.22
2020-10-04,995.85
2020-10-05,1100.76
2020-10-06,1081.61
2020-10-07,959.73
2020-10-08,1177.0
2020-10-09,1220.42
2020-10-10,1222.78
2020-10-11,962.38
2020-10-12,951.58
2020-10-13,1021.77
2020-10-14,977.75
2020-10-15,953.28
2020-10-16,1209.73
2020-10-17,1267.48
2020-10-18,946.78
2020-10-19,937.39
2020-10-20,939.63
2020-10-21,710.68
2020-10-22,842.87
2020-10-23,894.37
2020-10-24,1172.66
2020-10-25,874.59
2020-10-26,967.77
2020-10-27,991.94
2020-10-28,929.06
2020-10-29,891.16
2020-10-30,1190.05
2020-10-31,1229.91
2020-11-01,1196.41
2020-11-02,1301.36
2020-11-03,1202.04
2020-11-04,1332.79
2020-11-05,1341.03
2020-11-06,1425.27
2020-11-07,1690.32
2020-11-08,1374.78
2020-11-09,1329.24
2020-11-10,1258.17
2020-11-11,1244.67
2020-11-12,1261.33
2020-11-13,1535.98
2020-11-14,1502.38
2020-11-15,1298.93
2020-11-16,1149.39
2020-11-17,1217.77
2020-11-18,1229.63
2020-11-19,1405.43
2020-11-20,1291.45
2020-11-21,1614.63
2020-11-22,1207.92
2020-11-23,1231.95
2020-11-24,1215.79
2020-11-25,1253.19
2020-11-26,1220.33
2020-11-27,1567.25
2020-11-28,1535.41
2020-11-29,1385.48
2020-11-30,1267.52
2020-12-01,1338.75
2020-12-02,1281.77
2020-12-03,1426.5
2020-12-04,1726.09
2020-12-05,1721.78
2020-12-06,1426.21
2020-12-07,1362.85
2020-12-08,1439.51
2020-12-09,1331.93
2020-12-10,1383.55
2020-12-11,1667.92
2020-12-12,1844.88
2020-12-13,1650.61
2020-12-14,1363.08
2020-12-15,1507.36
2020-12-16,1393.8
2020-12-17,1344.07
2020-12-18,1573.6
2020-12-19,1628.55
2020-12-20,1319.54
2020-12-21,1268.29
2020-12-22,1182.97
2020-12-23,1169.13
2020-12-24,1346.78
2020-12-25,1478.36
2020-12-26,1562.67
2020-12-27,1324.4
2020-12-28,1403.66
2020-12-29,1373.17
2020-12-30,1326.51
2020-12-31,1498.1
2021-01-01,1347.25
2021-01-02,1380.52
2021-01-03,1137.21
2021-01-04,1174.57
2021-01-05,1178.42
2021-01-06,1146.32
2021-01-07,1150.24
2021-01-08,1344.93
2021-01-09,1312.34
2021-01-10,1148.89
2021-01-11,973.35
2021-01-12,1003.97
2021-01-13,1154.93
2021-01-14,1099.08
2021-01-15,1330.99
2021-01-16,1270.18
2021-01-17,880.31
2021-01-18,935.31
2021-01-19,947.04
2021-01-20,932.48
2021-01-21,1007.65
2021-01-22,1082.76
2021-01-23,1238.7
2021-01-24,834.54
2021-01-25,956.87
2021-01-26,932.14
2021-01-27,886.33
2021-01-28,944.66
2021-01-29,1168.1
2021-01-30,1281.8
2021-01-31,1166.14
2021-02-01,1037.15
2021-02-02,1044.81
2021-02-03,913.74
2021-02-04,1024.43
2021-02-05,1285.96
2021-02-06,1359.35
2021-02-07,1227.86
2021-02-08,1102.99
2021-02-09,1213.97
2021-02-10,1106.63
2021-02-11,1091.95
2021-02-12,1266.2
2021-02-13,1355.67
2021-02-14,1173.44
2021-02-15,830.29
2021-02-16,835.87
2021-02-17,933.75
2021-02-18,961.48
2021-02-19,1201.25
2021-02-20,1272.87
2021-02-21,896.99
2021-02-22,1006.02
2021-02-23,1007.9
2021-02-24,945.39
2021-02-25,1016.85
2021-02-26,1174.45
2021-02-27,1223.62
2021-02-28,1042.72
2021-03-01,1015.79
2021-03-02,1027.96
2021-03-03,1166.6
2021-03-04,872.74
2021-03-05,1173.75
2021-03-06,1308.1
2021-03-07,1086.81
2021-03-08,1104.67
2021-03-09,1009.64
2021-03-10,1052.4
2021-03-11,1059.11
2021-03-12,1517.28
2021-03-13,1553.8
2021-03-14,1062.45
2021-03-15,1049.41
2021-03-16,967.78
2021-03-17,887.2
2021-03-18,1010.42
2021-03-19,1120.51
2021-03-20,1275.62
2021-03-21,838.72
2021-03-22,893.06
2021-03-23,956.7
2021-03-24,968.82
2021-03-25,971.79
2021-03-26,1035.85
2021-03-27,1317.07
2021-03-28,895.73
2021-03-29,1024.8
2021-03-30,990.53
2021-03-31,900.57
2021-04-01,1005.97
2021-04-02,1281.52
2021-04-03,1421.91
2021-04-04,1080.9
2021-04-05,1231.94
2021-04-06,1204.42
2021-04-07,1114.33
2021-04-08,1202.09
2021-04-09,1499.88
2021-04-10,1600.88
2021-04-11,1040.51
2021-04-12,1055.42
2021-04-13,1235.62
2021-04-14,1016.5
2021-04-15,977.42
2021-04-16,1224.9
2021-04-17,1377.33
2021-04-18,1015.66
2021-04-19,953.02
2021-04-20,934.23
2021-04-21,916.91
2021-04-22,892.51
2021-04-23,1338.11
2021-04-24,1276.15
2021-04-25,1024.28
2021-04-26,919.39
2021-04-27,952.82
2021-04-28,923.41
2021-04-29,784.26
2021-04-30,1104.51
2021-05-01,1189.95
2021-05-02,875.73
2021-05-03,980.99
2021-05-04,1202.66
2021-05-05,1111.46
2021-05-06,1234.17
2021-05-07,1376.6
2021-05-08,1515.5
2021-05-09,1086.0
2021-05-10,1200.98
2021-05-11,1214.13
2021-05-12,1102.41
2021-05-13,1182.28
2021-05-14,1368.54
2021-05-15,1362.39
2021-05-16,997.75
2021-05-17,972.97
2021-05-18,1054.55
2021-05-19,1054.36
2021-05-20,946.86
2021-05-21,1196.72
2021-05-22,1327.52
2021-05-23,1022.12
2021-05-24,1091.52
2021-05-25,1068.4
2021-05-26,889.24
2021-05-27,1111.24
2021-05-28,1145.12
2021-05-29,1385.61
2021-05-30,1024.68
2021-05-31,1005.57
2021-06-01,914.51
2021-06-02,1066.42
2021-06-03,975.98
2021-06-04,1397.42
2021-06-05,1558.59
2021-06-06,1087.92
2021-06-07,1186.87
2021-06-08,1111.9
2021-06-09,1122.75
2021-06-10,1233.86
2021-06-11,1363.52
2021-06-12,1596.57
2021-06-13,1106.1
2021-06-14,1208.96
2021-06-15,1118.87
2021-06-16,1155.31
2021-06-17,1035.79
2021-06-18,1247.74
2021-06-19,1323.68
2021-06-20,949.14
2021-06-21,1054.72
2021-06-22,1042.75
2021-06-23,1030.92
2021-06-24,1103.16
2021-06-25,1297.14
2021-06-26,1256.38
2021-06-27,1025.39
2021-06-28,958.46
2021-06-29,1026.12
2021-06-30,994.62
2021-07-01,1192.26
2021-07-02,1312.66
2021-07-03,1387.03
2021-07-04,1220.01
2021-07-05,969.22
2021-07-06,997.65
2021-07-07,1235.24
2021-07-08,1185.59
2021-07-09,1405.97
2021-07-10,1380.8
2021-07-11,1181.83
2021-07-12,1336.68
2021-07-13,1231.31
2021-07-14,1164.68
2021-07-15,1099.08
2021-07-16,1283.86
2021-07-17,1225.22
2021-07-18,1096.09
2021-07-19,1123.69
2021-07-20,912.06
2021-07-21,969.53
2021-07-22,917.13
2021-07-23,1123.29
2021-07-24,1299.51
2021-07-25,827.34
2021-07-26,1046.34
2021-07-27,1064.72
2021-07-28,995.36
2021-07-29,831.42
2021-07-30,1167.38
2021-07-31,1465.02
2021-08-01,864.74
2021-08-02,1080.2
2021-08-03,1034.18
2021-08-04,1212.25
2021-08-05,1111.09
2021-08-06,1411.84
2021-08-07,1535.81
2021-08-08,1344.68
2021-08-09,1184.64
2021-08-10,1229.83
2021-08-11,1075.65
2021-08-12,1280.48
2021-08-13,1311.69
2021-08-14,1412.01
2021-08-15,1137.15
2021-08-16,994.47
2021-08-17,1117.72
2021-08-18,1156.95
2021-08-19,1084.2
2021-08-20,1116.76
2021-08-21,1319.7
2021-08-22,1077.94
2021-08-23,861.05
2021-08-24,922.08
2021-08-25,1079.17
2021-08-26,1035.83
2021-08-27,1256.36
2021-08-28,1484.96
2021-08-29,1089.59
2021-08-30,1123.09
2021-08-31,1307.36
2021-09-01,1094.31
2021-09-02,1068.5
2021-09-03,1386.6
2021-09-04,1505.85
2021-09-05,1144.49
2021-09-06,1116.84
2021-09-07,1393.39
2021-09-08,1239.93
2021-09-09,1156.19
2021-09-10,1484.81
2021-09-11,1495.52
2021-09-12,1173.0
2021-09-13,1223.94
2021-09-14,1058.71
2021-09-15,1171.49
2021-09-16,1276.45
2021-09-17,1340.63
2021-09-18,1353.81
2021-09-19,1025.4
2021-09-20,1017.47
2021-09-21,1017.26
2021-09-22,998.15
2021-09-23,1096.39
2021-09-24,1083.29
2021-09-25,1394.01
2021-09-26,1001.89
2021-09-27,1073.46
2021-09-28,967.57
2021-09-29,1181.24
2021-09-30,1193.9
2021-10-01,1391.6
2021-10-02,1314.67
2021-10-03,1222.77
2021-10-04,1208.13
2021-10-05,1064.53
2021-10-06,1205.44
2021-10-07,1247.59
2021-10-08,1470.12
2021-10-09,1542.91
2021-10-10,1250.9
2021-10-11,1340.2
2021-10-12,1311.19
2021-10-13,971.02
2021-10-14,1159.32
2021-10-15,1353.61
2021-10-16,1307.18
2021-10-17,1134.81
2021-10-18,1207.31
2021-10-19,1001.7
2021-10-20,1098.64
2021-10-21,984.19
2021-10-22,1192.68
2021-10-23,1457.34
2021-10-24,992.51
2021-10-25,1073.88
2021-10-26,892.38
2021-10-27,1200.24
2021-10-28,1112.27
2021-10-29,1265.36
2021-10-30,1444.35
2021-10-31,1005.57
2021-11-01,1431.38
2021-11-02,1337.73
2021-11-03,1373.27
2021-11-04,1374.45
2021-11-05,1589.01
2021-11-06,1809.54
2021-11-07,1489.25
2021-11-08,1531.67
2021-11-09,1485.31
2021-11-10,1529.27
2021-11-11,1452.77
2021-11-12,1858.91
2021-11-13,1646.03
2021-11-14,1560.57
2021-11-15,1555.38
2021-11-16,1362.88
2021-11-17,1594.19
2021-11-18,1480.85
2021-11-19,1665.68
2021-11-20,1679.18
2021-11-21,1351.38
2021-11-22,1347.24
2021-11-23,1394.3
2021-11-24,1478.28
2021-11-25,1387.95
2021-11-26,1511.81
2021-11-27,1765.7
2021-11-28,1491.74
2021-11-29,1491.42
2021-11-30,1521.67
2021-12-01,1464.52
2021-12-02,1436.37
2021-12-03,1665.19
2021-12-04,1726.38
2021-12-05,1596.56
2021-12-06,1588.41
2021-12-07,1573.88
2021-12-08,1382.69
2021-12-09,1525.19
2021-12-10,1916.14
2021-12-11,1870.53
2021-12-12,1645.75
2021-12-13,1495.23
2021-12-14,1708.09
2021-12-15,1565.61
2021-12-16,1582.86
2021-12-17,1927.48
2021-12-18,1944.6
2021-12-19,1481.59
2021-12-20,1443.26
2021-12-21,1451.79
2021-12-22,1508.87
2021-12-23,1453.52
2021-12-24,1628.12
2021-12-25,1879.02
2021-12-26,1458.49
2021-12-27,1661.44
2021-12-28,1498.1
2021-12-29,1650.01
2021-12-30,1554.45
2021-12-31,1823.16
2022-01-01,1429.61
2022-01-02,1139.32
2022-01-03,1262.76
2022-01-04,1320.97
2022-01-05,1257.9
2022-01-06,1160.94
2022-01-07,1360.21
2022-01-08,1455.85
2022-01-09,1125.38
2022-01-10,1268.26
2022-01-11,1338.48
2022-01-12,1233.13
2022-01-13,1036.48
2022-01-14,1383.27
2022-01-15,1465.64
2022-01-16,1326.26
2022-01-17,1022.58
2022-01-18,1089.96
2022-01-19,1242.02
2022-01-20,1128.83
2022-01-21,1328.69
2022-01-22,1387.5
2022-01-23,1103.6
2022-01-24,1142.51
2022-01-25,1022.75
2022-01-26,1168.8
2022-01-27,1003.14
2022-01-28,1356.47
2022-01-29,1463.8
2022-01-30,1120.78
2022-01-31,1189.29
2022-02-01,1161.89
2022-02-02,1145.25
2022-02-03,1219.92
2022-02-04,1374.31
2022-02-05,1599.5
2022-02-06,1188.88
2022-02-07,1340.94
2022-02-08,1188.34
2022-02-09,1232.26
2022-02-10,1218.39
2022-02-11,1561.65
2022-02-12,1566.39
2022-02-13,1205.09
2022-02-14,1242.5
2022-02-15,1013.95
2022-02-16,1159.21
2022-02-17,1303.68
2022-02-18,1337.57
2022-02-19,1418.14
2022-02-20,1145.54
2022-02-21,1166.04
2022-02-22,931.37
2022-02-23,957.57
2022-02-24,1114.16
2022-02-25,1249.32
2022-02-26,1524.27
2022-02-27,1109.99
2022-02-28,998.8
2022-03-01,1072.17
2022-03-02,974.55
2022-03-03,1196.7
2022-03-04,1420.41
2022-03-05,1519.88
2022-03-06,1356.05
2022-03-07,1378.42
2022-03-08,1278.08
2022-03-09,1126.11
2022-03-10,1347.26
2022-03-11,1539.07
2022-03-12,1612.11
2022-03-13,1354.85
2022-03-14,1168.87
2022-03-15,1405.87
2022-03-16,1149.63
2022-03-17,1266.46
2022-03-18,1251.45
2022-03-19,1392.59
2022-03-20,1270.38
2022-03-21,1112.53
2022-03-22,1187.88
2022-03-23,1130.43
2022-03-24,1097.79
2022-03-25,1414.16
2022-03-26,1389.22
2022-03-27,972.91
2022-03-28,1062.15
2022-03-29,1184.93
2022-03-30,1189.69
2022-03-31,1051.99
2022-04-01,1339.99
2022-04-02,1472.42
2022-04-03,1210.31
2022-04-04,1148.77
2022-04-05,1225.79
2022-04-06,1232.2
2022-04-07,1363.25
2022-04-08,1573.47
2022-04-09,1600.17
2022-04-10,1279.35
2022-04-11,1316.61
2022-04-12,1230.88
2022-04-13,1191.75
2022-04-14,1192.61
2022-04-15,1399.1
2022-04-16,1437.38
2022-04-17,1223.34
2022-04-18,1248.89
2022-04-19,1044.76
2022-04-20,1156.84
2022-04-21,1122.97
2022-04-22,1356.86
2022-04-23,1421.21
2022-04-24,1002.73
2022-04-25,1019.01
2022-04-26,1127.54
2022-04-27,1216.66
2022-04-28,970.02
2022-04-29,1390.72
2022-04-30,1576.59
2022-05-01,1189.22
2022-05-02,1266.39
2022-05-03,1187.04
2022-05-04,1253.78
2022-05-05,1152.01
2022-05-06,1310.04
2022-05-07,1685.81
2022-05-08,1240.76
2022-05-09,1288.3
2022-05-10,1214.81
2022-05-11,1209.7
2022-05-12,1301.3
2022-05-13,1445.82
2022-05-14,1620.15
2022-05-15,1309.22
2022-05-16,1279.9
2022-05-17,1253.46
2022-05-18,1340.51
2022-05-19,1109.45
2022-05-20,1372.53
2022-05-21,1551.87
2022-05-22,1249.7
2022-05-23,1025.59
2022-05-24,1109.05
2022-05-25,1241.56
2022-05-26,1176.65
2022-05-27,1358.84
2022-05-28,1436.85
2022-05-29,1137.98
2022-05-30,1208.96
2022-05-31,1185.02
2022-06-01,1222.38
2022-06-02,1253.1
2022-06-03,1413.15
2022-06-04,1629.27
2022-06-05,1537.05
2022-06-06,1176.18
2022-06-07,1355.3
2022-06-08,1275.78
2022-06-09,1385.89
2022-06-10,1542.29
2022-06-11,1694.22
2022-06-12,1418.1
2022-06-13,1326.74
2022-06-14,1386.24
2022-06-15,1090.2
2022-06-16,1385.55
2022-06-17,1468.24
2022-06-18,1604.6
2022-06-19,1101.99
2022-06-20,1116.23
2022-06-21,1180.09
2022-06-22,1156.03
2022-06-23,1172.75
2022-06-24,1433.63
2022-06-25,1306.64
2022-06-26,1230.95
2022-06-27,1162.88
2022-06-28,1158.71
2022-06-29,1073.23
2022-06-30,1249.51
2022-07-01,1236.19
2022-07-02,1602.1
2022-07-03,1151.77
2022-07-04,1295.46
2022-07-05,1300.01
2022-07-06,1419.01
2022-07-07,1323.95
2022-07-08,1491.89
2022-07-09,1612.07
2022-07-10,1455.41
2022-07-11,1393.26
2022-07-12,1312.21
2022-07-13,1313.12
2022-07-14,1192.39
2022-07-15,1531.95
2022-07-16,1441.3
2022-07-17,1322.37
2022-07-18,1252.43
2022-07-19,1413.67
2022-07-20,1116.77
2022-07-21,1180.9
2022-07-22,1520.26
2022-07-23,1562.5
2022-07-24,1106.2
2022-07-25,1178.68
2022-07-26,1164.02
2022-07-27,1193.63
2022-07-28,1126.22
2022-07-29,1389.4
2022-07-30,1385.91
2022-07-31,1243.87
2022-08-01,1289.65
2022-08-02,1256.47
2022-08-03,1166.05
2022-08-04,1393.63
2022-08-05,1560.93
2022-08-06,1588.11
2022-08-07,1334.79
2022-08-08,1244.4
2022-08-09,1285.51
2022-08-10,1323.39
2022-08-11,1459.4
2022-08-12,1500.76
2022-08-13,1690.42
2022-08-14,1280.47
2022-08-15,1325.43
2022-08-16,1274.85
2022-08-17,1335.93
2022-08-18,1203.44
2022-08-19,1301.63
2022-08-20,1399.99
2022-08-21,1153.72
2022-08-22,1085.32
2022-08-23,1210.77
2022-08-24,1137.47
2022-08-25,1365.68
2022-08-26,1241.88
2022-08-27,1506.36
2022-08-28,1112.63
2022-08-29,1179.3
2022-08-30,1248.44
2022-08-31,1071.14
2022-09-01,1297.03
2022-09-02,1651.23
2022-09-03,1582.77
2022-09-04,1358.18
2022-09-05,1435.29
2022-09-06,1352.98
2022-09-07,1328.79
2022-09-08,1198.39
2022-09-09,1632.72
2022-09-10,1669.15
2022-09-11,1289.9
2022-09-12,1370.02
2022-09-13,1298.93
2022-09-14,1286.45
2022-09-15,1358.45
2022-09-16,1383.01
2022-09-17,1653.78
2022-09-18,1138.75
2022-09-19,1179.62
2022-09-20,1370.8
2022-09-21,1294.44
2022-09-22,1202.85
2022-09-23,1314.51
2022-09-24,1446.28
2022-09-25,1197.58
2022-09-26,1201.93
2022-09-27,1202.7
2022-09-28,1221.93
2022-09-29,1224.46
2022-09-30,1345.55
2022-10-01,1540.18
2022-10-02,1375.69
2022-10-03,1213.64
2022-10-04,1327.24
2022-10-05,1294.04
2022-10-06,1382.96
2022-10-07,1554.0
2022-10-08,1810.5
2022-10-09,1435.93
2022-10-10,1289.33
2022-10-11,1442.68
2022-10-12,1317.8
2022-10-13,1320.89
2022-10-14,1576.49
2022-10-15,1594.11
2022-10-16,1385.45
2022-10-17,1231.98
2022-10-18,1224.56
2022-10-19,1202.78
2022-10-20,1193.14
2022-10-21,1512.06
2022-10-22,1563.41
2022-10-23,1342.61
2022-10-24,1383.99
2022-10-25,1121.11
2022-10-26,1214.38
2022-10-27,1123.83
2022-10-28,1368.51
2022-10-29,1496.22
2022-10-30,1180.41
2022-10-31,1200.87
2022-11-01,1491.9
2022-11-02,1432.98
2022-11-03,1623.63
2022-11-04,1707.03
2022-11-05,2126.89
2022-11-06,1584.52
2022-11-07,1641.21
2022-11-08,1542.57
2022-11-09,1789.17
2022-11-10,1744.44
2022-11-11,1876.7
2022-11-12,1839.45
2022-11-13,1654.98
2022-11-14,1536.64
2022-11-15,1729.61
2022-11-16,1662.45
2022-11-17,1590.15
2022-11-18,1572.97
2022-11-19,1775.98
2022-11-20,1598.63
2022-11-21,1632.45
2022-11-22,1619.39
2022-11-23,1402.36
2022-11-24,1556.97
2022-11-25,1821.35
2022-11-26,1718.73
2022-11-27,1565.78
2022-11-28,1606.63
2022-11-29,1581.65
2022-11-30,1480.52
2022-12-01,1626.8
2022-12-02,1851.17
2022-12-03,1989.47
2022-12-04,1678.81
2022-12-05,1708.83
2022-12-06,1758.58
2022-12-07,1811.15
2022-12-08,1761.45
2022-12-09,1958.87
2022-12-10,2100.53
2022-12-11,1636.69
2022-12-12,1821.73
2022-12-13,1773.1
2022-12-14,1762.84
2022-12-15,1820.66
2022-12-16,1770.1
2022-12-17,1850.18
2022-12-18,1711.86
2022-12-19,1672.22
2022-12-20,1671.0
2022-12-21,1607.53
2022-12-22,1687.89
2022-12-23,1903.22
2022-12-24,1965.13
2022-12-25,1607.44
2022-12-26,1465.67
2022-12-27,1705.68
2022-12-28,1755.24
2022-12-29,1725.42
2022-12-30,1822.16
2022-12-31,2066.69
2023-01-01,1423.09
2023-01-02,1499.0
2023-01-03,1322.56
2023-01-04,1390.43
2023-01-05,1481.13
2023-01-06,1635.11
2023-01-07,1646.32
2023-01-08,1469.86
2023-01-09,1479.75
2023-01-10,1433.2
2023-01-11,1432.71
2023-01-12,1380.18
2023-01-13,1702.24
2023-01-14,1593.14
2023-01-15,1298.34
2023-01-16,1326.13
2023-01-17,1376.14
2023-01-18,1168.09
2023-01-19,1167.39
2023-01-20,1296.48
2023-01-21,1552.91
2023-01-22,1155.53
2023-01-23,1213.1
2023-01-24,1299.88
2023-01-25,1202.86
2023-01-26,1283.72
2023-01-27,1455.7
2023-01-28,1650.63
2023-01-29,1354.17
2023-01-30,1281.4
2023-01-31,1344.28
2023-02-01,1461.86
2023-02-02,1429.13
2023-02-03,1503.12
2023-02-04,1781.75
2023-02-05,1353.57
2023-02-06,1560.56
2023-02-07,1532.58
2023-02-08,1472.71
2023-02-09,1456.81
2023-02-10,1618.3
2023-02-11,1776.59
2023-02-12,1376.98
2023-02-13,1407.55
2023-02-14,1439.03
2023-02-15,1304.25
2023-02-16,1280.03
2023-02-17,1414.99
2023-02-18,1508.49
2023-02-19,1133.1
2023-02-20,1326.74
2023-02-21,1405.78
2023-02-22,1371.86
2023-02-23,1128.73
2023-02-24,1521.99
2023-02-25,1686.94
2023-02-26,1249.43
2023-02-27,1309.99
2023-02-28,1159.6
2023-03-01,1361.61
2023-03-02,1276.1
2023-03-03,1598.07
2023-03-04,1577.25
2023-03-05,1463.93
2023-03-06,1518.36
2023-03-07,1386.55
2023-03-08,1367.42
2023-03-09,1291.07
2023-03-10,1643.23
2023-03-11,1714.78
2023-03-12,1329.94
2023-03-13,1479.24
2023-03-14,1392.73
2023-03-15,1325.77
2023-03-16,1348.68
2023-03-17,1658.89
2023-03-18,1701.34
2023-03-19,1323.27
2023-03-20,1365.27
2023-03-21,1207.2
2023-03-22,1289.94
2023-03-23,1289.93
2023-03-24,1435.27
2023-03-25,1606.56
2023-03-26,1212.39
2023-03-27,1322.82
2023-03-28,1337.22
2023-03-29,1074.13
2023-03-30,1419.94
2023-03-31,1300.21
2023-04-01,1615.32
2023-04-02,1467.65
2023-04-03,1380.83
2023-04-04,1308.22
2023-04-05,1355.23
2023-04-06,1539.31
2023-04-07,1514.48
2023-04-08,1865.73
2023-04-09,1474.1
2023-04-10,1381.98
2023-04-11,1425.44
2023-04-12,1381.5
2023-04-13,1519.46
2023-04-14,1693.09
2023-04-15,1579.02
2023-04-16,1364.84
2023-04-17,1307.99
2023-04-18,1460.66
2023-04-19,1230.39
2023-04-20,1449.84
2023-04-21,1504.57
2023-04-22,1503.25
2023-04-23,1234.73
2023-04-24,1221.56
2023-04-25,1184.7
2023-04-26,1299.44
2023-04-27,1202.79
2023-04-28,1339.4
2023-04-29,1599.36
2023-04-30,1203.85
2023-05-01,1307.96
2023-05-02,1316.31
2023-05-03,1340.26
2023-05-04,1590.08
2023-05-05,1652.87
2023-05-06,1783.89
2023-05-07,1334.94
2023-05-08,1433.91
2023-05-09,1508.63
2023-05-10,1410.43
2023-05-11,1561.81
2023-05-12,1585.66
2023-05-13,1747.94
2023-05-14,1409.7
2023-05-15,1452.83
2023-05-16,1369.66
2023-05-17,1379.37
2023-05-18,1362.07
2023-05-19,1502.78
2023-05-20,1682.4
2023-05-21,1346.99
2023-05-22,1308.12
2023-05-23,1271.56
2023-05-24,1364.43
2023-05-25,1280.71
2023-05-26,1478.14
2023-05-27,1618.26
2023-05-28,1456.66
2023-05-29,1228.13
2023-05-30,1414.16
2023-05-31,1220.42
2023-06-01,1409.84
2023-06-02,1739.49
2023-06-03,1773.16
2023-06-04,1467.01
2023-06-05,1425.75
2023-06-06,1487.49
2023-06-07,1475.88
2023-06-08,1440.38
2023-06-09,1683.17
2023-06-10,1821.1
2023-06-11,1438.56
2023-06-12,1426.23
2023-06-13,1369.19
2023-06-14,1493.6
2023-06-15,1488.03
2023-06-16,1643.51
2023-06-17,1782.11
2023-06-18,1392.06
2023-06-19,1397.61
2023-06-20,1373.66
2023-06-21,1327.76
2023-06-22,1281.6
2023-06-23,1693.9
2023-06-24,1577.38
2023-06-25,1261.26
2023-06-26,1354.43
2023-06-27,1349.03
2023-06-28,1229.3
2023-06-29,1447.4
2023-06-30,1568.4
2023-07-01,1607.11
2023-07-02,1512.0
2023-07-03,1487.86
2023-07-04,1356.69
2023-07-05,1618.38
2023-07-06,1544.81
2023-07-07,1704.09
2023-07-08,1941.3
2023-07-09,1532.01
2023-07-10,1518.0
2023-07-11,1464.2
2023-07-12,1556.28
2023-07-13,1536.83
2023-07-14,1685.61
2023-07-15,1704.34
2023-07-16,1459.15
2023-07-17,1423.31
2023-07-18,1302.13
2023-07-19,1271.64
2023-07-20,1416.66
2023-07-21,1347.63
2023-07-22,1659.49
2023-07-23,1295.6
2023-07-24,1433.22
2023-07-25,1287.95
2023-07-26,1383.29
2023-07-27,1305.99
2023-07-28,1557.88
2023-07-29,1722.16
2023-07-30,1343.42
2023-07-31,1479.45
2023-08-01,1340.82
2023-08-02,1464.9
2023-08-03,1535.73
2023-08-04,1734.02
2023-08-05,1951.75
2023-08-06,1451.79
2023-08-07,1413.57
2023-08-08,1451.57
2023-08-09,1587.05
2023-08-10,1572.92
2023-08-11,1735.97
2023-08-12,1728.75
2023-08-13,1567.22
2023-08-14,1392.22
2023-08-15,1564.98
2023-08-16,1681.43
2023-08-17,1462.07
2023-08-18,1659.54
2023-08-19,1654.67
2023-08-20,1232.39
2023-08-21,1314.72
2023-08-22,1264.48
2023-08-23,1228.86
2023-08-24,1479.18
2023-08-25,1564.21
2023-08-26,1677.94
2023-08-27,1332.01
2023-08-28,1355.7
2023-08-29,1462.6
2023-08-30,1401.2
2023-08-31,1466.29
2023-09-01,1629.07
2023-09-02,1738.29
2023-09-03,1373.15
2023-09-04,1345.84
2023-09-05,1499.04
2023-09-06,1537.28
2023-09-07,1439.05
2023-09-08,1744.36
2023-09-09,1852.4
2023-09-10,1372.39
2023-09-11,1464.37
2023-09-12,1559.14
2023-09-13,1543.25
2023-09-14,1403.1
2023-09-15,1689.28
2023-09-16,1838.54
2023-09-17,1498.83
2023-09-18,1409.61
2023-09-19,1361.86
2023-09-20,1333.28
2023-09-21,1408.34
2023-09-22,1577.31
2023-09-23,1706.77
2023-09-24,1365.83
2023-09-25,1423.88
2023-09-26,1373.16
2023-09-27,1439.41
2023-09-28,1460.73
2023-09-29,1543.92
2023-09-30,1582.93
2023-10-01,1571.64
2023-10-02,1489.72
2023-10-03,1352.61
2023-10-04,1451.97
2023-10-05,1588.04
2023-10-06,1718.34
2023-10-07,1810.79
2023-10-08,1671.04
2023-10-09,1478.28
2023-10-10,1497.08
2023-10-11,1572.56
2023-10-12,1577.67
2023-10-13,1773.43
2023-10-14,1890.95
2023-10-15,1516.0
2023-10-16,1519.84
2023-10-17,1439.87
2023-10-18,1445.76
2023-10-19,1430.56
2023-10-20,1622.27
2023-10-21,1752.6
2023-10-22,1424.18
2023-10-23,1376.02
2023-10-24,1304.52
2023-10-25,1375.65
2023-10-26,1373.17
2023-10-27,1600.04
2023-10-28,1873.91
2023-10-29,1371.39
2023-10-30,1465.43
2023-10-31,1537.17
2023-11-01,1677.95
2023-11-02,1884.01
2023-11-03,1892.68
2023-11-04,2073.04
2023-11-05,1704.89
2023-11-06,1759.18
2023-11-07,1822.03
2023-11-08,1880.57
2023-11-09,1844.88
2023-11-10,2122.28
2023-11-11,2112.01
2023-11-12,1787.29
2023-11-13,2021.12
2023-11-14,1824.56
2023-11-15,1721.73
2023-11-16,1708.84
2023-11-17,1873.77
2023-11-18,2109.47
2023-11-19,1692.17
2023-11-20,1720.46
2023-11-21,1697.01
2023-11-22,1755.84
2023-11-23,1628.65
2023-11-24,1813.47
2023-11-25,2024.72
2023-11-26,1766.14
2023-11-27,1759.68
2023-11-28,1686.63
2023-11-29,1826.58
2023-11-30,1735.85
2023-12-01,1977.8
2023-12-02,2068.51
2023-12-03,1972.08
2023-12-04,1941.23
2023-12-05,1959.34
2023-12-06,2028.2
2023-12-07,2167.43
2023-12-08,2015.74
2023-12-09,2199.24
2023-12-10,1910.51
2023-12-11,1888.97
2023-12-12,1864.03
2023-12-13,1915.84
2023-12-14,1829.0
2023-12-15,2137.27
2023-12-16,2197.13
2023-12-17,1913.24
2023-12-18,1897.24
2023-12-19,1887.69
2023-12-20,1794.18
2023-12-21,1980.86
2023-12-22,2020.17
2023-12-23,1946.27
2023-12-24,1712.88
2023-12-25,1655.74
2023-12-26,1802.34
2023-12-27,1801.07
2023-12-28,1786.7
2023-12-29,2201.39
2023-12-30,2203.12
2023-12-31,1937.54
